{"Nodes":[{"pos":"35.19589389346247,32.10152879327731,0.0","id":0,"neighbors":[]},{"pos":"36.19589389346247,31.10152879327731,0.0","id":1,"neighbors":[]}],"Edges":[{"src":0,"w":1.0,"dest":1}]}